Temperature (Â°C),Humidity (%),Light Intensity (lux),UV Index,UV_RISK_LEVEL
10.13561034,43.13256611,1848.938961,8.416749291,HIGH
10.16910749,12.14945412,1437.221882,14.26238169,HIGH
10.1704089,76.86289641,741.441496,12.27509559,HIGH
10.20368738,27.56592922,839.0537595,14.07773726,HIGH
10.3443232,94.5404315,1346.173,13.33306318,HIGH
10.34550943,97.25467491,1100.8256,12.05242749,HIGH
10.52642551,72.29422689,1343.889597,5.166876454,HIGH
10.73684876,19.97668948,643.7856061,11.77317346,HIGH
10.83365498,45.38314098,765.8284798,2.651178258,HIGH
10.9506783,42.86268593,1018.881079,14.26757413,HIGH
11.13113136,43.47677651,298.5535129,12.19060371,HIGH
11.14011779,71.07825547,416.844331,11.88042802,HIGH
11.18326609,35.46442469,1282.752275,7.000350157,HIGH
11.27408117,61.8636975,823.9074122,10.3734641,HIGH
11.32693018,87.70912451,1303.852627,2.211975344,HIGH
11.3390658,71.1356862,1588.993694,6.519007957,HIGH
11.52123105,55.05202908,571.1604403,7.562850982,HIGH
11.76695456,91.64953019,736.5762085,9.683788851,HIGH
11.80581217,47.61075657,1675.433242,9.563766181,HIGH
11.82242944,62.06146302,2293.121102,9.156469166,HIGH
11.91335171,58.94613619,928.4159584,2.038700631,HIGH
11.91990277,52.32214395,130.0639421,10.37265059,HIGH
11.94778137,86.75192931,536.3906724,13.73339854,HIGH
11.98533512,45.39642222,1442.321395,13.14851191,HIGH
12.14076995,11.01434598,900.5697927,5.015608048,HIGH
12.41071494,27.55567902,2476.974238,8.066249003,HIGH
12.48276696,21.15582595,86.10167069,11.55834154,HIGH
12.60449411,86.4046406,908.600947,12.51218623,HIGH
12.65106526,98.72169429,2504.189013,8.683404762,HIGH
12.86728203,81.49704971,1615.552255,9.096206094,HIGH
12.87062233,43.83450154,2153.279418,8.577373226,HIGH
13.01515918,41.90280991,441.3376513,11.63726726,HIGH
13.02817515,93.49503867,134.3605554,7.899903417,HIGH
13.16634788,46.97584098,630.8328604,13.53628402,HIGH
13.35510493,25.07177005,815.0893062,14.46702729,HIGH
13.35518292,12.38363771,2537.894312,6.556621733,HIGH
13.35697692,55.6988137,1039.29423,10.13651512,HIGH
13.39533545,30.78021497,2106.467829,9.623300068,HIGH
13.42458986,18.01115901,103.7317514,14.56483605,HIGH
13.52563197,87.04408654,2269.456131,8.355863805,HIGH
13.52712833,21.24013855,881.5241834,13.35115923,HIGH
13.55449563,76.76240872,1330.0581,10.11195208,HIGH
13.59811418,77.7383885,740.6023468,13.01712831,HIGH
13.61799351,36.94155344,1460.298447,9.43434322,HIGH
13.69859834,72.17106763,2560.20353,8.773754036,HIGH
13.7298889,39.86836011,412.0119641,2.714000951,HIGH
13.77052809,82.05602133,1117.383902,11.28173472,HIGH
13.81810221,75.47236367,343.8773001,7.729829513,HIGH
13.94535728,55.59651266,2304.265347,8.152177575,HIGH
13.9592103,11.41683621,1489.44331,12.7163927,HIGH
14.02207967,25.30037694,522.6896945,7.785951658,HIGH
14.15556046,65.86631871,907.4004403,8.633396148,HIGH
14.27303505,10.89031571,776.411114,5.776788912,HIGH
14.35415974,16.41158855,1418.613408,10.67321058,HIGH
14.3930716,42.15557955,619.4804604,9.202407839,HIGH
14.44102441,41.72862384,921.0534534,2.197901778,HIGH
14.51361872,30.79484008,1271.222761,2.595561091,HIGH
14.57071208,22.61038997,1177.17202,10.97624414,HIGH
14.61429869,99.32868761,367.1538535,12.0029227,HIGH
14.69674194,60.97180531,984.0585801,10.09332386,HIGH
14.81344744,61.14179876,204.4166501,13.40746719,HIGH
14.92614916,46.94393656,173.6727144,2.729253993,HIGH
15.04481204,59.88397847,28.15491488,10.86979646,HIGH
15.05886353,11.58160528,1615.247395,6.943173135,HIGH
15.06526279,28.40830588,308.7937726,7.690090612,HIGH
15.13503731,32.77844504,2441.454788,9.539742187,HIGH
15.32609833,79.29201148,424.5506064,5.959149673,HIGH
15.59905313,90.96519115,162.0145339,13.2266333,HIGH
15.59992748,75.28797995,994.4190248,7.844760946,HIGH
15.80860911,50.50826984,799.3414645,9.011791726,HIGH
15.82161373,60.72459039,718.236979,11.72130894,HIGH
15.86833896,10.42562574,339.14652,11.35209437,HIGH
15.89457478,54.18242621,508.1392903,7.561060946,HIGH
16.10474353,81.11509416,719.7956002,5.074336359,HIGH
16.11995181,33.72584617,1492.804097,8.162721748,HIGH
16.14317195,87.79255362,2491.242595,8.961811064,HIGH
16.16733737,45.25871056,2145.396498,6.997790661,HIGH
16.16815239,15.58780633,636.9247957,10.48463198,HIGH
16.22201599,35.97537773,1045.347822,9.315311083,HIGH
16.27168408,29.58145708,967.368776,10.59900269,HIGH
16.47872198,30.40832573,767.8908817,13.31823445,HIGH
16.47881382,92.35335909,1969.308961,6.81410227,HIGH
16.66066635,96.62757411,1317.93718,9.5598782,HIGH
17.10204413,54.12156918,147.6517483,7.645998486,HIGH
17.16493397,60.31313567,257.1748027,7.908505941,HIGH
17.19042765,46.64138706,428.2029587,12.75605507,HIGH
17.42604533,88.56541229,512.024971,8.071771836,HIGH
17.60206477,83.67876446,337.2750426,14.462425,HIGH
17.7155907,48.90627223,319.1879107,11.06734204,HIGH
17.75608723,86.56836613,175.360239,14.44890526,HIGH
17.78315581,57.18710954,636.3732039,5.174749316,HIGH
17.85628964,49.42828448,428.920789,7.305718081,HIGH
17.95018765,25.48986642,1290.956836,13.30652605,HIGH
17.96403936,98.15191157,1969.202961,6.121970961,HIGH
18.01341602,36.39039705,2471.606758,8.337704767,HIGH
18.02113653,78.27902805,192.5612892,11.43946303,HIGH
18.0922013,86.54158333,1412.973663,12.89627837,HIGH
18.14943207,91.08282238,1342.268945,8.024020057,HIGH
18.1885905,54.79967428,1414.089915,12.47318804,HIGH
18.21733068,37.36546523,1349.407022,2.384885209,HIGH
18.33938454,25.92978797,784.5649973,10.76677122,HIGH
18.63261105,64.02614165,794.2929711,12.54747029,HIGH
18.72373459,65.50253307,517.7036154,12.80689466,HIGH
18.73524619,69.36711389,1865.762135,8.958562016,HIGH
18.88027651,41.87838458,88.36586685,13.80143562,HIGH
18.96606384,82.91479501,1324.619525,5.862465785,HIGH
18.96810829,86.74512141,2524.546525,6.136141998,HIGH
18.9848086,39.30593342,93.76819608,7.595503579,HIGH
19.10079662,41.33171004,773.8013973,2.74708707,HIGH
19.18628203,10.88316943,2208.037298,9.986817175,HIGH
19.27386146,45.99508359,864.012675,5.138134378,HIGH
19.32495239,76.77528562,198.4941231,13.4822455,HIGH
19.51462607,52.78566125,1305.197749,8.22050189,HIGH
19.77718607,97.3101338,2453.825895,9.570736067,HIGH
19.79078444,91.9292987,1451.599301,10.08216414,HIGH
19.8797592,76.07982006,1341.519072,12.46980135,HIGH
20.00423743,12.3376982,238.9419407,13.78096935,HIGH
20.10455658,43.77353904,1386.687136,8.688487051,HIGH
20.1984126,49.16051648,846.2351411,10.01245007,HIGH
20.22842069,70.60921844,1405.846943,10.83058167,HIGH
20.33300064,99.2676701,209.0823737,13.00702815,HIGH
20.58673898,94.44970789,948.5593447,14.10079993,HIGH
20.63701818,50.2320286,1499.295354,2.148379531,HIGH
20.6619889,59.89280627,881.4072728,8.151212558,HIGH
20.66355352,40.31751701,1741.461263,9.966902387,HIGH
20.85501854,62.29369439,572.2793619,11.41389919,HIGH
21.01841908,34.71137405,979.264448,9.040395979,HIGH
21.04190638,23.48426437,235.1769117,12.97973842,HIGH
21.05818846,27.83692076,255.8313934,12.47464926,HIGH
21.18736026,19.96091523,1692.003071,6.5132131,HIGH
21.28473835,54.03341872,1118.279899,14.77759775,HIGH
21.30681383,64.00407426,1344.652435,9.110254574,HIGH
21.35809423,38.42968578,891.8806449,12.24257787,HIGH
21.38549832,78.6362316,802.3284762,2.610210315,HIGH
21.4566633,16.5718536,1233.88048,11.86213065,HIGH
21.49135996,32.8304904,104.2486185,10.08421045,HIGH
21.50042909,57.85036486,1742.605578,9.677046434,HIGH
21.71547822,47.98830043,664.5091426,12.74485638,HIGH
21.80109475,19.83296494,802.9590798,8.626159,HIGH
21.97360627,51.71937076,1329.611837,10.09994444,HIGH
22.18730302,71.28237576,1275.423298,5.977282911,HIGH
22.4318818,79.44272216,535.3236013,8.3415686,HIGH
22.53624187,37.60541069,1373.149582,11.47012506,HIGH
22.57605378,19.4434033,1196.6985,5.304769705,HIGH
22.61865829,75.8973887,862.4761359,7.387804098,HIGH
22.63086764,81.26210866,1248.240143,11.73156735,HIGH
22.69100146,90.2831312,1.717061369,2.271420748,HIGH
22.72378053,36.56361222,435.7520231,12.34818615,HIGH
22.74462573,28.09343386,76.44497279,10.13672846,HIGH
22.88156559,73.82299665,1112.827686,7.035032933,HIGH
22.91632635,83.18463345,461.0374486,13.29871183,HIGH
22.99589518,16.8989201,23.14006313,10.65851111,HIGH
23.23151539,87.70640963,1121.156959,11.6983962,HIGH
23.24899216,23.28888661,550.0557595,7.337735698,HIGH
23.50950525,33.30119652,879.2548615,9.168615702,HIGH
23.82897646,86.286488,312.8604592,12.95825958,HIGH
23.89575866,67.53643967,850.9289783,11.65105157,HIGH
24.00995194,90.39957743,1484.635921,13.63699369,HIGH
24.04509012,37.05288637,715.7331144,5.558288864,HIGH
24.08914088,31.88166695,345.6116114,5.25436772,HIGH
24.1518731,91.60117394,1304.357645,13.42843163,HIGH
24.1537697,24.36660197,2375.333695,8.353628519,HIGH
24.1929578,47.73392881,2247.924105,6.584210044,HIGH
24.27743556,63.09773897,2021.619441,8.088642612,HIGH
24.4055547,95.02758894,2382.78563,6.348223162,HIGH
24.44047219,52.75993423,2146.750099,8.952353877,HIGH
24.74192716,59.64384421,644.9253033,11.87689161,HIGH
24.99019779,65.53792445,1310.676804,8.930036003,HIGH
25.15858484,72.49272476,1313.027755,2.412392427,HIGH
25.21034786,49.48727625,173.3906906,10.91543822,HIGH
25.53289323,26.09131401,1222.697971,2.752257989,HIGH
25.58398395,82.35568301,1408.952364,5.507582709,HIGH
25.6225439,22.40557393,1163.452897,14.44692907,HIGH
25.65056628,35.46341443,2470.387242,9.529599019,HIGH
25.85791604,28.7165523,1246.083103,7.267918505,HIGH
25.87127783,78.22274005,725.1607499,5.566915904,HIGH
25.89598385,86.73897513,402.4188534,13.38829146,HIGH
25.90785812,26.18052888,1497.291457,14.16114851,HIGH
25.97308692,16.04862649,1794.977604,8.089474858,HIGH
26.1649826,79.70180562,1147.286138,11.96465723,HIGH
26.33354045,25.58064911,1805.959987,9.956560148,HIGH
26.34838006,30.2569621,453.1758433,10.9505691,HIGH
26.54003984,74.34693667,1282.429093,11.04922448,HIGH
26.97868704,73.95887737,331.6988318,7.861255988,HIGH
26.9928843,74.41374504,1366.319945,7.68896832,HIGH
27.16406532,53.34387792,1630.155096,6.638759995,HIGH
27.17419832,20.24090896,1407.50239,10.6201647,HIGH
27.18470915,45.17755642,960.4365171,8.023680394,HIGH
27.33745895,89.43861193,847.4398458,2.313671878,HIGH
27.39188558,67.6786949,629.2606567,13.71926088,HIGH
27.48321008,81.41142548,299.6682307,7.267365805,HIGH
27.50783319,97.45565175,588.7177025,10.49730975,HIGH
27.54701065,94.09362624,1097.328355,9.01274322,HIGH
27.61255494,87.92236173,1320.395443,10.60676207,HIGH
27.73987637,70.22898765,1750.514196,9.630720157,HIGH
27.81816999,95.6705245,1292.345606,5.190744491,HIGH
27.81969133,35.1835023,1095.329335,7.432639876,HIGH
27.86416736,42.02835046,975.9760391,5.059106791,HIGH
27.93898626,57.56501725,2467.488099,6.638749366,HIGH
28.16633248,43.63112904,883.0513567,12.98765816,HIGH
28.27488541,73.31896023,1179.731369,9.143099654,HIGH
28.31435761,41.80501456,1789.926102,8.899696919,HIGH
28.34492418,10.42219281,953.8602763,14.32611066,HIGH
28.35135585,19.44361887,24.68834219,14.61250632,HIGH
28.49217845,23.63941167,2204.656641,9.94717452,HIGH
28.54067787,63.35599872,251.7748369,10.75887303,HIGH
28.68715182,68.48152464,999.7371551,8.70759116,HIGH
28.71822929,23.38264849,918.1707201,14.00078275,HIGH
28.86640702,28.13140182,1492.993721,9.737793566,HIGH
29.02278236,81.93672837,358.3395122,14.15841527,HIGH
29.02825339,28.09821518,2608.51436,8.630085903,HIGH
29.10497636,87.15929697,1292.804591,13.36928571,HIGH
29.27445841,81.75345836,2042.742223,6.983479151,HIGH
29.27820954,61.66841042,1474.06664,9.632911133,HIGH
29.37865173,31.17693826,1916.242915,8.681526956,HIGH
29.40807683,80.31850107,468.6317866,10.42974356,HIGH
29.4083866,70.02450537,214.1585764,10.54705597,HIGH
29.44063523,88.10913079,1032.536299,2.519916592,HIGH
29.47604626,84.30013849,656.1600867,10.75339382,HIGH
29.48031639,27.08313884,1537.315796,9.946803784,HIGH
29.78485936,14.93514648,1438.824805,2.73551818,HIGH
29.99712162,42.81119614,501.8268959,5.574294443,HIGH
30.04968948,91.31073253,1339.072783,10.7954643,HIGH
30.30929336,96.23352017,132.1285237,2.597368558,HIGH
30.460473,53.16998516,720.9290957,2.042240375,HIGH
30.55386059,45.58864253,1125.263524,14.91971555,HIGH
30.55961526,17.57001151,2354.780089,6.838582317,HIGH
30.71876331,50.24472259,329.2658097,11.42578024,HIGH
30.7223501,15.76236935,848.4497871,5.170009435,HIGH
30.82037783,66.32131596,406.1296656,10.13952926,HIGH
30.88183714,97.36665728,667.2365884,11.88484644,HIGH
30.93001351,65.24391029,788.3704329,9.315119153,HIGH
30.97414977,72.55869485,494.6459881,7.815957194,HIGH
31.06571043,63.82144535,1650.601412,6.286517366,HIGH
31.1356506,77.65494024,1134.001007,8.432089409,HIGH
31.28557577,17.09449291,881.2797286,14.79630888,HIGH
31.29279129,98.98073698,2583.263034,9.02322013,HIGH
31.39010593,14.44913108,322.6435506,12.56516134,HIGH
31.39464284,40.91284672,1456.148928,2.634294607,HIGH
31.56962364,10.80143739,283.7414205,12.51393746,HIGH
31.64579632,89.0476103,462.5987965,2.049086207,HIGH
31.66901626,22.72200705,1070.308458,14.30031177,HIGH
31.69617025,56.68012674,683.3345904,8.86542933,HIGH
31.75132806,42.60102993,306.3106856,12.39646955,HIGH
31.78807524,42.08868524,1192.320905,2.771071526,HIGH
31.88881341,81.88688465,1000.95531,10.98856058,HIGH
31.89602689,60.19566427,558.375327,7.632250727,HIGH
32.1176416,41.11535819,70.97619976,12.33294332,HIGH
32.15358952,33.81869642,1205.31118,10.56105531,HIGH
32.17261401,77.74436889,999.3627966,7.091288834,HIGH
32.27085178,70.76893378,470.2213889,13.43741861,HIGH
32.32631268,80.66676694,525.2135887,14.37681317,HIGH
32.33969801,48.43064798,814.8568121,5.960175627,HIGH
32.51659156,67.59004078,690.8717586,2.09621636,HIGH
32.55790023,35.08799554,1424.436208,8.079125324,HIGH
32.76591034,73.37868324,229.9561178,12.13870976,HIGH
32.85577916,23.25660645,369.6191648,5.415192287,HIGH
32.90302019,33.60441864,1111.83486,7.395196828,HIGH
32.97609972,76.89904466,1403.809558,5.326573549,HIGH
33.02263414,25.69594225,1379.11166,9.014917057,HIGH
33.15473636,63.91229224,1201.326217,5.755658219,HIGH
33.18019628,48.41695153,850.8076064,14.15192615,HIGH
33.22235362,37.01851702,1250.91579,10.33641959,HIGH
33.38499191,29.88245484,1926.40381,6.046593869,HIGH
33.40662231,26.37426493,1196.900229,12.17606547,HIGH
33.44584468,33.97192365,1117.662168,14.59794891,HIGH
33.48507952,73.19792691,830.4056546,11.92165861,HIGH
33.53195302,97.73182164,519.7241044,14.34340059,HIGH
33.63777852,12.59961761,819.8827839,5.530084712,HIGH
33.82297129,96.0877824,625.9981536,8.428393672,HIGH
33.88072715,79.1597069,1839.696297,8.588806525,HIGH
33.88782442,92.96316043,1465.538087,13.52747152,HIGH
33.9283797,91.82218409,1335.812184,10.38200781,HIGH
33.96127939,65.66478902,403.5948883,10.19746356,HIGH
34.00617144,44.32016954,187.8036006,5.607661208,HIGH
34.07351292,14.37695158,2085.698416,8.621192033,HIGH
34.15730395,28.52199979,957.104187,10.14375,HIGH
34.1751232,89.26532898,2627.735388,9.439760748,HIGH
34.32116523,82.07045962,675.2494178,2.683236877,HIGH
34.39583529,98.7556696,1831.719317,8.603829894,HIGH
34.41886657,67.95239118,1275.270088,5.594386035,HIGH
34.46872086,37.65108469,266.9542542,12.00815707,HIGH
34.47314198,25.08197645,939.0279025,12.26879187,HIGH
34.48551333,89.35305854,2580.222063,9.038305776,HIGH
34.51629172,71.25910069,64.77273147,14.29546457,HIGH
34.58804415,60.21053003,286.1694877,10.86719649,HIGH
34.63208481,10.45773381,700.9498557,5.161575958,HIGH
34.72523467,59.65418095,117.2629623,11.47437799,HIGH
34.73993971,82.90685811,2033.976182,6.849196906,HIGH
34.8813331,48.11808419,301.4277332,2.178139676,HIGH
35.17114956,85.58056861,1706.277376,9.879999257,HIGH
35.2521216,95.79540543,1795.946721,8.450413662,HIGH
35.42453194,12.03561126,1014.483062,12.61525799,HIGH
35.42620438,87.57878546,616.9897475,8.202790473,HIGH
35.4497802,12.13615255,612.1843029,8.818445923,HIGH
35.6520424,20.14896608,1290.60491,9.936208095,HIGH
35.65768805,71.21425266,2574.192823,6.689241516,HIGH
35.71802015,67.80866352,2424.708208,6.33546317,HIGH
35.73821746,95.24859286,350.5264656,5.563605195,HIGH
35.74141529,99.9715861,638.1227409,12.91362654,HIGH
35.82816096,56.72506669,743.5064907,7.865344571,HIGH
35.8872535,86.07017718,1874.371241,8.459322733,HIGH
35.89130694,92.71309675,1005.92425,5.183989505,HIGH
35.8959365,22.90726796,1046.591363,10.19499762,HIGH
36.17031506,61.4277578,503.3430535,12.71853219,HIGH
36.32274105,22.29241533,250.3258277,13.99983576,HIGH
36.40802185,36.06925622,463.6939586,14.53068086,HIGH
36.5108959,63.06500587,981.3116099,10.38118203,HIGH
36.52154206,82.75901878,1290.235539,10.00571521,HIGH
36.52868025,31.82415046,1822.707683,8.966640267,HIGH
36.68374706,60.05459928,840.9128643,14.65935044,HIGH
36.7161412,55.2447671,1699.187611,9.648142091,HIGH
36.83128288,62.89124254,1289.442601,7.27189385,HIGH
36.83695417,16.33195596,601.8297337,8.239419642,HIGH
36.97990278,28.70274744,1318.024198,11.74877454,HIGH
37.0375289,32.05228476,1030.010243,12.34376286,HIGH
37.05806271,63.84040187,1775.118596,9.950462123,HIGH
37.09214337,67.15159894,172.9749369,5.687312984,HIGH
37.13305501,75.69815472,1210.037394,5.011344101,HIGH
37.14387023,69.97716641,409.0232,5.305642914,HIGH
37.21050171,42.70852366,934.2609566,9.079739193,HIGH
37.23701976,51.78916333,1145.509285,9.074481926,HIGH
37.27237805,33.75419133,305.2682332,7.075096448,HIGH
37.28023889,66.93477889,1301.922486,10.63676079,HIGH
37.38840513,57.04813737,2457.467934,6.939778854,HIGH
37.38942914,18.84575037,890.540453,14.11775765,HIGH
37.40584717,76.6739182,2079.960989,6.078529895,HIGH
37.539253,39.47223267,506.0736301,14.22964285,HIGH
37.72854272,91.5511567,698.9382908,2.164307785,HIGH
37.73239695,83.17212361,329.7349531,11.38425395,HIGH
37.86685821,22.87845572,363.8768573,2.169903442,HIGH
37.88412295,62.00225203,1105.94532,2.88803002,HIGH
37.94796545,77.58139456,1433.146128,7.577965445,HIGH
38.08748686,84.5401753,2250.263795,9.840485485,HIGH
38.09352373,26.98308963,981.6561077,2.403573399,HIGH
38.09371326,32.45996507,258.3567926,2.93217229,HIGH
38.53768134,57.51601721,1182.422545,5.597231854,HIGH
38.57253029,17.55557849,598.6588108,9.115934707,HIGH
38.64918591,85.20260586,1478.604753,14.55413501,HIGH
38.71865174,48.46466198,796.0996761,11.40122865,HIGH
38.72766739,52.26321629,98.7029965,12.62483188,HIGH
38.73581405,30.38508041,1268.628037,10.38960975,HIGH
38.81034983,89.12546065,1041.499419,9.548834205,HIGH
38.9787953,84.13387868,870.3743742,13.97323166,HIGH
39.01914182,44.98999863,302.351184,7.752274972,HIGH
39.04487416,10.69932457,238.2206267,13.21023687,HIGH
39.08170239,74.28126234,1057.489847,7.54321165,HIGH
39.16556778,74.34294306,2313.571065,6.363970078,HIGH
39.21289377,95.91301902,1786.256359,6.110523497,HIGH
39.47588502,64.54023937,165.0022782,14.00584824,HIGH
39.65759403,87.92029029,551.2379697,12.50375855,HIGH
39.89534634,37.33274932,339.8600053,12.78410017,HIGH
39.99842102,42.54210903,673.4491771,2.62149877,HIGH
40.07835996,54.94137255,146.691651,2.783783682,HIGH
40.09483042,42.62672345,1065.866658,5.23192485,HIGH
40.10412157,98.69727627,1211.397657,10.25894588,HIGH
40.24103302,46.8022088,2150.95591,8.208270504,HIGH
40.30332125,73.5790475,773.7092866,12.3002261,HIGH
40.30994471,58.4257392,337.2722517,10.12200481,HIGH
40.39250621,96.31592921,1388.332744,13.03671835,HIGH
40.47518001,96.32345274,896.4285112,7.732667477,HIGH
40.57825967,85.88065217,1141.29223,12.83393323,HIGH
40.63798455,45.28956276,1518.412702,6.921360403,HIGH
40.81023927,64.14984206,530.2432564,10.24145406,HIGH
40.86475327,84.43886777,1417.467834,13.11554177,HIGH
40.86655098,31.50092434,430.127568,10.47035623,HIGH
40.9389942,43.74856665,612.9146471,5.378781651,HIGH
40.97756664,45.99585473,2166.486246,8.855605346,HIGH
40.97783921,38.45075074,847.2119802,10.77863029,HIGH
41.02012347,55.21500043,346.1103801,14.15644384,HIGH
41.06990695,35.06720153,1413.971048,5.049776187,HIGH
41.11709937,84.15960967,1462.837834,13.66146631,HIGH
41.15634386,52.70582395,1407.194519,9.61396948,HIGH
41.20943432,57.7438046,1117.335932,11.07686845,HIGH
41.36291131,23.42568804,598.3270303,10.34935418,HIGH
41.37574988,33.73820237,1165.070096,10.74763555,HIGH
41.45583509,93.47789293,405.1585362,11.97032854,HIGH
41.57231644,28.73911685,482.3342429,12.57480008,HIGH
41.58359143,25.6579288,1593.627908,6.340634131,HIGH
41.79234518,25.96811839,231.6996806,14.60584001,HIGH
41.80135022,11.38035884,468.6189401,5.489114005,HIGH
41.82398504,19.1220889,1265.980907,5.622998467,HIGH
41.90497867,45.01606661,668.8552402,9.365136172,HIGH
41.90533991,57.41744895,2449.565945,6.736558089,HIGH
42.0060169,43.59028293,1655.019203,8.658388581,HIGH
42.20698493,64.00331478,1006.490547,10.5790587,HIGH
42.26969265,48.58062349,805.5398726,9.700828152,HIGH
42.3795142,70.55984327,1338.603109,11.81309634,HIGH
42.53022197,14.92741353,1278.660249,5.529596095,HIGH
42.62154571,31.97095297,1589.687366,6.010544481,HIGH
42.67372912,31.65229056,1124.594763,10.48648063,HIGH
42.70863387,97.68432433,895.7974898,13.5198477,HIGH
42.86532129,75.01957973,1752.333781,6.796198069,HIGH
42.91179627,63.68975924,916.1052703,7.048537067,HIGH
43.02336731,64.3953232,572.8532126,7.904410791,HIGH
43.12132301,15.79344963,87.4445894,14.72640002,HIGH
43.15576942,22.69375751,612.3101313,8.543333491,HIGH
43.17022205,70.52493756,77.33968993,12.56485949,HIGH
43.17883462,40.60088622,878.4465407,14.99492566,HIGH
43.2257564,79.24309585,947.4951374,12.75179711,HIGH
43.27611699,18.03920902,1140.808934,8.056302782,HIGH
43.3089721,61.24654773,102.1914007,5.065917307,HIGH
43.41788782,88.40471414,1031.923886,2.402376184,HIGH
43.44079343,58.53913371,1764.897284,8.099661702,HIGH
43.64774267,29.23379789,730.7012154,10.63394399,HIGH
43.85378729,71.29642453,456.8088993,14.73677365,HIGH
43.88152838,79.42968774,679.5778284,14.39024137,HIGH
43.89659445,13.96563497,824.513666,2.58467215,HIGH
44.10924756,52.70479724,1033.69272,9.63229575,HIGH
44.13376861,54.03144745,1338.015446,8.142563946,HIGH
44.38941318,44.15222123,226.8749848,12.69250853,HIGH
44.45752278,13.50894079,2468.549532,8.742792048,HIGH
44.74656479,80.77056358,270.521414,13.77855464,HIGH
44.79456086,20.9070717,1489.673881,13.61934508,HIGH
44.94219144,61.1299939,1146.723064,11.20794682,HIGH
45.13397521,38.9647188,301.4015152,13.69062228,HIGH
45.51611384,51.1201524,1432.250607,7.481197787,HIGH
45.59306224,80.8049463,1172.114829,2.057021345,HIGH
45.64550822,17.96180945,2480.754515,9.990091618,HIGH
45.91143406,31.62928054,928.8042145,13.65728495,HIGH
46.04962323,55.73579597,762.8048114,11.73336646,HIGH
46.15353035,96.19453595,1458.09164,13.96628106,HIGH
46.18252069,87.10664388,2314.974548,8.243471476,HIGH
46.18602212,54.70338902,551.0310819,9.098680679,HIGH
46.28173045,38.64866429,221.3569951,13.37277004,HIGH
46.33483386,51.51028161,1166.592069,11.65374927,HIGH
46.33539818,14.20373315,597.8641778,11.68785448,HIGH
46.33939245,97.11351451,2526.158392,9.334486834,HIGH
46.44477531,34.58067205,1689.3543,6.371059143,HIGH
46.50812082,15.18396281,525.6826663,7.276817534,HIGH
46.6097181,82.14493345,755.6541279,10.02996485,HIGH
46.87875646,58.7057616,2570.348862,6.736926434,HIGH
46.97312118,36.98858746,1329.92428,12.07134995,HIGH
47.01321027,27.32506096,1159.253768,5.600451567,HIGH
47.02637922,63.57432762,1317.029717,11.73149347,HIGH
47.25532713,97.87114124,2235.863473,8.256872389,HIGH
47.36890144,46.84473948,829.0919236,11.20852073,HIGH
47.45395437,41.37869576,1107.596258,12.95420381,HIGH
47.49429414,56.39272807,1591.499785,8.305836213,HIGH
47.50577232,98.16887412,1314.436754,11.68622532,HIGH
47.90072734,68.2761787,768.7899219,12.26365289,HIGH
47.91535155,11.78697873,1207.063656,5.331629813,HIGH
48.02163555,40.84481571,615.9049866,11.59790562,HIGH
48.08047083,90.30442051,259.4403851,7.550039217,HIGH
48.22276374,94.56643819,322.1346666,5.332728957,HIGH
48.47321065,42.54884838,404.6011568,13.70342041,HIGH
48.52426952,56.83464733,62.97216179,5.273921772,HIGH
48.52485663,51.96942441,22.08245999,13.91196559,HIGH
48.55141116,50.78605995,374.8466529,7.673964664,HIGH
48.56619216,42.22478661,1024.008279,5.240140375,HIGH
48.61016345,95.99767926,638.5689761,2.287456683,HIGH
48.61077123,13.73530904,1307.03385,5.225061005,HIGH
48.95308132,56.39775953,1344.418428,13.52386313,HIGH
49.16771601,45.04072011,749.7666387,2.40385029,HIGH
49.23263759,82.85510053,649.551765,14.23666824,HIGH
49.23430986,44.06220443,823.5018469,5.183267423,HIGH
49.36745822,52.29748232,1112.393778,10.55412962,HIGH
49.41470905,42.8045252,323.5831849,11.32925112,HIGH
49.49437887,92.13647314,611.1281822,11.52228324,HIGH
49.5300708,54.91000513,1475.389912,13.75806294,HIGH
49.63324426,67.59467068,1122.072384,11.84126822,HIGH
49.80892306,58.18567605,857.75506,5.554126063,HIGH
49.81794775,54.50716288,1453.050115,10.69144041,HIGH
49.85993289,56.35716458,809.297557,12.19345371,HIGH
49.99010959,91.62467725,1149.566859,14.74065776,HIGH
10.00987334,84.5257027,71.22758934,3.434638242,LOW
10.17150233,14.2703811,299.3869217,3.850704724,LOW
10.3313234,79.10410796,1323.39155,0.783224532,LOW
10.77586987,89.20071662,1239.608608,1.202932228,LOW
10.81867945,96.20104482,972.3958694,1.52403267,LOW
11.2450353,42.76898623,101.781386,4.409210036,LOW
11.51974591,18.69844502,89.20150078,4.254833154,LOW
11.74144911,38.39309584,1073.308584,0.632261341,LOW
11.74694629,83.86729309,186.7999182,3.661342349,LOW
11.96728376,10.62909674,1075.496387,0.602350518,LOW
11.97031154,16.07621862,244.0882412,4.309349225,LOW
12.49583659,52.90028946,1448.65615,0.795210469,LOW
12.6298401,55.15308346,339.266986,1.546752949,LOW
12.79353019,95.08934266,373.2301717,0.137043141,LOW
13.37126311,31.73318593,150.7872317,3.543056671,LOW
14.67021511,46.69701268,460.4367721,0.649902364,LOW
14.72972525,34.64250146,173.7502712,4.0226132,LOW
14.93046621,97.41911351,467.0400485,0.91396598,LOW
15.46039872,52.76346638,872.3328575,0.827523389,LOW
15.82495963,71.78396632,341.7887562,1.899400661,LOW
15.91661866,62.99360046,552.2101917,0.12093029,LOW
16.37623389,27.62368004,153.8704679,0.718058942,LOW
16.38810968,27.30304834,115.5032011,3.274829997,LOW
16.45630452,39.78908793,921.3997561,1.504855825,LOW
16.95055383,90.77248988,94.71436116,4.807749785,LOW
17.2530891,10.11195373,222.5282443,3.104241541,LOW
17.75913231,70.18617368,72.74436324,0.840465224,LOW
17.79560897,49.62794037,1163.689796,0.380767356,LOW
17.95402757,93.60455129,236.475417,3.221357275,LOW
18.07358134,60.03337357,624.8009087,1.61043965,LOW
18.31539212,66.86866506,13.71806727,1.36896961,LOW
18.71188705,22.78471536,959.5973286,1.117491468,LOW
19.18277931,54.33542168,285.7239733,4.636955474,LOW
19.31738417,94.47470876,294.6447727,0.906672984,LOW
19.53839922,58.2235763,982.7281956,0.725509228,LOW
19.82113002,46.98300208,845.6049966,0.832439469,LOW
20.04251019,24.95320692,334.8050584,1.021062676,LOW
20.55311162,97.77964478,337.1630308,0.37330911,LOW
20.66621213,45.17779405,380.5327183,0.298272185,LOW
20.87788403,53.68418576,638.2047047,0.050469867,LOW
21.06459635,12.61253173,1422.763309,0.428358696,LOW
21.7890935,13.17584967,188.3874391,4.783402399,LOW
21.95490871,80.77371839,1401.171762,0.253488873,LOW
22.11900896,53.61901217,30.62077658,1.079614852,LOW
22.53393055,62.8035439,1299.962754,1.04660266,LOW
22.93393368,21.49200643,745.9410449,0.139201996,LOW
23.48820302,37.142098,627.263522,0.094468113,LOW
24.22476721,20.54743789,711.2715699,1.93381921,LOW
24.91460301,92.22884844,197.5614112,4.143820351,LOW
25.23557647,85.25250887,1249.161713,1.420265322,LOW
25.40103541,35.64646842,11.45147348,3.29746574,LOW
25.67437152,17.33112098,46.01912038,3.100356853,LOW
26.28649764,64.72414536,111.9022112,3.006161113,LOW
26.52643855,13.08776448,244.7943889,1.359620102,LOW
26.79696199,79.89911754,104.1088089,4.692875504,LOW
26.86296546,72.05481861,625.92351,0.829135563,LOW
26.89796776,45.68769689,36.09959337,4.101018628,LOW
26.99575013,84.21395682,839.5010046,0.607226466,LOW
27.41885119,19.10879608,496.717181,3.012369907,LOW
27.93805178,31.56736533,992.7075716,0.65071286,LOW
29.10457106,79.22685589,492.8648068,1.463914181,LOW
29.56851103,37.17341567,1462.438475,0.611379486,LOW
29.81845387,48.87021507,246.1775112,1.988646454,LOW
29.9948015,45.37783272,1480.177222,1.110154125,LOW
30.27715359,23.30611672,1404.047225,1.970612552,LOW
30.8692026,52.67989848,1483.041181,0.05378101,LOW
30.94380965,35.72761016,1058.577907,1.25063784,LOW
31.220409,24.39112863,229.0679766,4.805010709,LOW
31.62252898,98.95164873,593.7308754,0.368595836,LOW
33.37952751,35.39696279,1457.857843,1.319490866,LOW
33.80216659,53.13333027,585.6628298,0.199646137,LOW
33.80749114,33.97054363,466.2876471,3.692038774,LOW
34.08890598,80.28709213,1305.824899,0.353431338,LOW
34.1859756,95.00538416,840.7705371,0.699437561,LOW
34.24473171,36.55828952,152.6407346,4.049884162,LOW
34.33584034,73.2634987,1241.330895,0.09477538,LOW
34.65983729,97.36967405,56.5348863,0.656958087,LOW
34.9632524,65.94791468,940.5440355,0.157391585,LOW
34.97065564,28.76998589,493.9742047,1.337866883,LOW
36.49222834,25.70184723,1412.447063,0.051616228,LOW
36.81514153,22.85097663,843.5824494,0.008861657,LOW
37.8131212,71.71342022,334.967412,3.852288555,LOW
38.36728443,10.39414987,233.761281,4.856410736,LOW
39.14095941,17.00220909,29.31445546,0.742442998,LOW
39.62169252,46.57785339,521.1341372,0.246630773,LOW
39.65980494,94.96152873,675.0002295,0.170277292,LOW
39.70997608,62.94005441,962.5354796,0.029856143,LOW
39.89905774,37.84177777,552.1512625,0.966141332,LOW
40.47701888,55.31937604,202.3709479,4.344225553,LOW
41.0648181,59.60338957,1181.584674,0.624252531,LOW
42.10825517,26.29257354,625.4243859,1.341967075,LOW
43.7154397,57.88131577,440.7852103,4.947869641,LOW
43.86426538,90.49483246,619.990454,1.746833317,LOW
44.27522784,33.58160933,60.75770341,1.35120725,LOW
44.76126558,79.45289724,814.6880234,0.867735483,LOW
44.79897291,24.28158553,313.0940198,1.224908948,LOW
45.21245761,67.62069868,399.2584337,4.620540005,LOW
45.86230416,96.71299475,253.362547,0.786496179,LOW
46.14243673,54.48038103,329.833837,3.140993924,LOW
46.81134848,34.03689282,341.3532318,3.979819633,LOW
47.07277279,90.67375076,471.6565377,0.363215776,LOW
47.53978849,81.26238327,88.52060053,0.14733643,LOW
47.94426228,79.23016895,405.7668877,3.15087356,LOW
48.07743265,50.10955617,243.2052906,3.149018272,LOW
48.10061014,22.24356922,1184.711907,0.312472359,LOW
48.4527432,51.49276504,1259.235364,1.091830299,LOW
48.72616724,21.11355778,1188.985633,1.833426461,LOW
49.02658051,37.78687114,377.476018,0.67629647,LOW
49.09165932,77.37735387,1485.061535,0.371930508,LOW
49.50980175,76.01349623,25.420738,4.326156308,LOW
49.63572024,60.9793873,972.7814918,0.011544233,LOW
10.18074449,92.88384481,77.96651656,9.861567675,MODERATE
10.23964458,92.05397338,663.1207074,4.056620363,MODERATE
10.70823934,11.84423772,1526.831106,0.726100968,MODERATE
10.98109017,74.74799642,2177.984297,3.380957622,MODERATE
11.07069121,69.48366936,1093.991462,3.803687324,MODERATE
11.10790172,90.18327525,1505.863703,0.782894212,MODERATE
11.5350195,47.31706339,2482.310387,0.631483789,MODERATE
11.63641427,10.06055355,729.1238976,3.135191822,MODERATE
11.77231421,74.60480773,2011.473865,3.515034835,MODERATE
11.99335123,44.90330641,1234.942699,6.317561391,MODERATE
12.23583976,33.74994389,2540.086334,4.824016053,MODERATE
13.09035119,92.60642982,436.0480897,9.027038278,MODERATE
13.69016738,40.30452651,2268.47517,1.816806954,MODERATE
13.7322287,96.47710214,812.57895,3.217149138,MODERATE
13.77985829,68.28221981,2217.25996,0.618853869,MODERATE
13.78239947,89.1675266,1743.357352,3.723115935,MODERATE
14.25312276,39.99447073,1649.087101,0.559354589,MODERATE
14.4607322,82.90522057,2149.158103,4.35951929,MODERATE
14.82905365,63.82683797,117.4279993,8.042955101,MODERATE
15.04830069,32.09288951,1635.290343,0.159771437,MODERATE
15.12095061,30.89171025,1356.448244,6.235468407,MODERATE
15.55771773,75.31075456,1438.027259,6.082001506,MODERATE
15.6001996,46.74670634,2168.322927,0.366233114,MODERATE
15.9539639,25.12881517,1694.900913,0.180385462,MODERATE
15.98274999,26.49013324,655.134574,6.664366133,MODERATE
16.30470277,25.53213223,1862.558491,1.31061507,MODERATE
16.4123812,33.73525522,28.65566629,9.682661893,MODERATE
16.4614389,47.87349324,1962.286392,1.756122829,MODERATE
16.56097622,13.30422559,2465.362505,3.705798078,MODERATE
17.36447426,49.32274041,2524.927109,1.947631096,MODERATE
17.47043353,27.67779168,472.324441,9.992909253,MODERATE
17.47114193,85.9805214,16.82469171,9.135650918,MODERATE
17.57403183,32.39856214,1504.660453,3.161046123,MODERATE
17.75119041,42.40334211,1793.842877,0.118506216,MODERATE
17.83465606,30.48258008,1628.391052,3.65726334,MODERATE
17.98101109,30.79146296,1617.160927,1.495248081,MODERATE
18.06197261,40.46473878,2051.862532,3.15903131,MODERATE
18.11489087,33.27578389,2185.921939,4.53892995,MODERATE
18.483319,93.46799426,861.0101295,6.210371192,MODERATE
18.67493218,74.54242747,1112.942487,4.452092456,MODERATE
18.77703781,50.32695757,1972.943691,0.498031632,MODERATE
18.83967484,62.09138015,1998.773664,4.23216582,MODERATE
18.98401367,64.46004852,2391.812335,1.269054502,MODERATE
19.06599722,30.98126537,2585.005372,0.042719687,MODERATE
19.27250604,69.2329463,1715.227292,1.340830762,MODERATE
19.4333358,55.90932601,1919.768008,1.930375994,MODERATE
19.73181614,10.82408718,1335.211028,4.322463093,MODERATE
20.09664256,45.85775204,1012.726179,3.873272718,MODERATE
20.60598737,27.57363346,376.8386707,9.492441265,MODERATE
20.67066125,69.64684218,132.8857656,8.750057332,MODERATE
20.88973157,41.2795162,2363.268021,1.569245082,MODERATE
21.02540493,56.02799547,1999.284327,1.22215987,MODERATE
21.11117898,81.11647063,2074.608499,0.96239007,MODERATE
21.58587262,79.09755108,2441.097807,1.079982415,MODERATE
21.68741141,35.37983522,2349.5806,3.978382429,MODERATE
21.91018577,56.66634577,169.9373354,8.435209083,MODERATE
22.42084001,52.74216262,623.6455798,3.626843674,MODERATE
22.52650474,29.84938321,2291.558748,4.522453493,MODERATE
22.84293343,33.10574192,168.2163671,8.286509242,MODERATE
22.93556316,55.70940283,1448.970551,3.405315469,MODERATE
23.10537016,35.59623386,1980.704905,0.582042936,MODERATE
23.26866162,75.50339345,2160.420945,4.490760423,MODERATE
23.87258634,51.5621626,2089.115821,0.139479922,MODERATE
24.01689124,89.87261934,1962.079141,1.523541654,MODERATE
24.08417268,37.11833899,2118.021204,1.522806704,MODERATE
24.11167122,70.31520841,2372.203849,4.438773206,MODERATE
24.23735217,36.40240176,2088.186757,4.481238849,MODERATE
24.30286118,68.12964473,119.2778519,6.728498208,MODERATE
24.95067436,25.48178304,387.2834927,9.750877729,MODERATE
25.24471824,49.90870143,931.8529565,4.194251798,MODERATE
25.4369776,28.70682835,1262.099271,6.900062216,MODERATE
25.91517738,51.18501774,2147.174645,3.315430777,MODERATE
25.95606678,28.17331412,2167.401475,0.274173333,MODERATE
26.01499857,55.32086098,169.64866,6.893123962,MODERATE
26.02741169,87.49139503,889.1317745,3.499260901,MODERATE
26.37153064,52.98532403,2354.517526,3.927583794,MODERATE
26.85759295,81.02211473,1512.147355,0.591887854,MODERATE
27.12318659,86.2635672,1522.180635,3.916610665,MODERATE
27.47493286,30.84477607,62.07521587,8.283861246,MODERATE
27.92987714,87.139484,19.42388298,9.664406168,MODERATE
27.94893828,66.18035937,1141.903493,3.669430556,MODERATE
27.95226055,84.62681679,2058.520217,0.533714003,MODERATE
28.11647881,92.39854999,913.4356358,4.276260655,MODERATE
28.13077904,71.92736898,57.4256878,6.208276849,MODERATE
28.19522954,28.15439031,683.9308152,6.425293227,MODERATE
28.32778598,77.26936082,298.4466057,9.258844798,MODERATE
28.61793463,73.81914037,641.7101824,3.928162166,MODERATE
28.66211595,74.72923704,1141.404671,4.50488187,MODERATE
28.70586004,27.30475742,1001.30991,6.35097112,MODERATE
29.36636735,72.89487373,1134.897355,4.819022625,MODERATE
29.44906904,51.51340156,2161.256451,1.191367928,MODERATE
29.48146911,63.5408501,1956.01673,3.491021805,MODERATE
29.53756097,35.21717363,1618.25586,1.535247618,MODERATE
29.54937618,32.38913506,2578.80129,4.111944696,MODERATE
29.61310709,91.86282901,2102.135283,1.211131736,MODERATE
29.64898313,77.67876227,2631.122612,4.644534754,MODERATE
29.80238814,90.42160366,248.2298701,9.631757515,MODERATE
29.90392307,76.14832673,756.1349154,6.26752472,MODERATE
30.43841982,98.95206913,2174.326358,3.822032936,MODERATE
30.46513529,72.23932327,1579.827806,0.230662029,MODERATE
30.63253387,33.28714993,1850.921759,3.520137955,MODERATE
30.69092248,80.76591176,684.9908614,4.217836581,MODERATE
31.04130045,87.21731989,2242.074881,3.359487017,MODERATE
31.57832114,37.72634543,988.6602537,4.001855795,MODERATE
31.79939564,65.32002247,709.0662028,4.301227825,MODERATE
32.02351014,94.48624118,1704.079902,3.41879448,MODERATE
32.07320569,28.66722117,1306.05093,6.664829327,MODERATE
32.15882347,99.88660438,667.7010996,3.745027901,MODERATE
32.22055724,38.3260817,907.6451662,6.799450045,MODERATE
32.31345702,35.37868034,368.4826704,9.797545903,MODERATE
32.35494656,95.92420657,2353.270079,3.02115874,MODERATE
32.42020947,15.88124002,1984.601018,3.242924374,MODERATE
32.42676296,79.66544546,712.187791,6.636725692,MODERATE
32.59746769,87.75610361,695.9945978,4.101981929,MODERATE
32.6536358,87.99689083,2132.118505,0.763289565,MODERATE
32.68592683,35.50756731,1959.744452,3.119772312,MODERATE
32.91233124,23.96790362,1551.160036,1.297059596,MODERATE
32.94963559,49.53446743,2375.659027,3.546714708,MODERATE
32.97251902,82.92269399,38.02983443,9.934708819,MODERATE
33.08428499,83.78429703,2633.244592,3.628555909,MODERATE
33.08793945,85.35049744,2581.849948,3.03851421,MODERATE
33.18194242,75.11589761,1742.360048,3.39882029,MODERATE
33.24858635,15.16307364,2026.564162,4.645685678,MODERATE
33.29381292,10.09759702,1198.361308,3.300630544,MODERATE
33.68941434,20.26910208,2322.053764,0.294354403,MODERATE
33.86637212,24.3428717,356.0517635,9.359063672,MODERATE
34.24836301,10.34559373,1567.514129,3.378620233,MODERATE
34.34237949,13.01736384,378.233364,9.779004382,MODERATE
34.55360156,94.85380123,2206.033517,3.443979741,MODERATE
34.71105775,82.23978684,2244.271697,1.830482808,MODERATE
34.771254,79.99674895,350.2405071,6.290784043,MODERATE
34.82882978,63.81223159,1892.287993,3.039687105,MODERATE
34.94051466,87.98157315,642.4177527,3.024063022,MODERATE
35.0457681,12.9289095,93.37989019,8.38374861,MODERATE
35.0817914,15.00426673,1965.852704,0.245186569,MODERATE
35.26196655,31.93181934,2643.464875,3.72591127,MODERATE
35.58378689,17.17677244,1913.796131,1.180607236,MODERATE
35.68491791,71.23102863,722.5662872,3.39839482,MODERATE
35.90569611,56.34587047,757.6235172,3.682607337,MODERATE
35.96884402,26.92228178,2139.744086,1.184438923,MODERATE
36.05524208,43.17951697,844.4231424,3.3343352,MODERATE
36.65694044,29.45560715,280.0702181,8.346506645,MODERATE
36.96526125,46.82943272,1081.389475,6.266252854,MODERATE
37.65394743,92.17259122,1738.646965,3.736701732,MODERATE
38.01867212,60.44145341,2413.787411,3.875890536,MODERATE
38.88779529,59.83570861,702.802337,3.396551634,MODERATE
39.08514617,95.1843036,366.414927,6.733099534,MODERATE
39.23896791,30.31501068,2163.150801,3.096124274,MODERATE
39.29367131,23.16018915,1439.434716,3.222189387,MODERATE
39.5509847,50.07174285,385.3816126,8.835116092,MODERATE
39.81642564,45.90718782,1305.598227,6.181131632,MODERATE
39.84395355,10.01687555,634.0162049,4.261629379,MODERATE
40.0591977,99.14953789,180.6234113,9.756113749,MODERATE
40.33536928,42.25894453,2198.614892,3.540548668,MODERATE
40.36697815,14.1213267,105.1157571,8.928040697,MODERATE
40.37746543,81.92317199,608.1824638,3.559706665,MODERATE
40.39741083,29.85584091,2452.366702,3.638332895,MODERATE
40.43460724,13.78208242,976.5418193,6.110664737,MODERATE
40.44943421,33.07028564,250.4842825,6.79929314,MODERATE
41.14567236,84.96117008,1066.154523,4.446589714,MODERATE
41.28954276,65.72917814,2105.620196,1.799065771,MODERATE
41.29012956,77.86375509,1445.448886,3.25085119,MODERATE
41.32314358,99.19239653,69.39912462,9.088935528,MODERATE
41.41286005,17.7197529,2386.47292,1.74880522,MODERATE
41.45244501,51.96913727,2611.059504,1.157091663,MODERATE
41.65660569,15.35906108,1073.51272,6.02874118,MODERATE
41.7011432,32.26194668,1171.542016,4.856216764,MODERATE
41.78768305,97.80878917,918.6128788,4.29994412,MODERATE
41.91626357,31.46922778,1529.619924,4.959536465,MODERATE
42.18205558,68.28719361,1829.102074,0.956982711,MODERATE
42.2710733,63.69028992,977.4458707,6.01470076,MODERATE
42.91074084,30.77369596,972.2326507,3.899169585,MODERATE
42.92289649,69.83029363,1635.58745,4.562953243,MODERATE
43.13061305,71.28557836,531.9115261,3.173883541,MODERATE
43.65268484,90.71024217,2055.894695,3.722619535,MODERATE
43.7489521,13.0827588,1061.541431,3.977934858,MODERATE
43.88932079,54.16875825,2492.434115,1.718297838,MODERATE
44.12774969,27.31466192,2634.374155,3.968317743,MODERATE
44.63359362,20.99894598,1705.635775,1.106338188,MODERATE
44.66766499,69.54124822,2195.646149,4.743989665,MODERATE
44.80241446,64.20625079,1775.90137,0.207569828,MODERATE
44.81412588,42.61271012,2192.151042,3.354558763,MODERATE
44.83895793,87.32465191,853.7598785,6.450257172,MODERATE
45.53448149,32.48912876,1731.850428,1.612322872,MODERATE
45.64669888,78.58409523,697.3057675,6.731173477,MODERATE
45.65178637,56.36119588,2296.630539,0.30550608,MODERATE
45.67486719,48.67301208,506.6585125,6.835927029,MODERATE
45.71921468,72.73266971,1915.782452,4.367943246,MODERATE
45.78928826,35.88792163,1714.510371,3.52619546,MODERATE
45.82398914,41.89792554,2357.743775,3.530204768,MODERATE
46.0116401,65.11576348,2120.620878,0.476401012,MODERATE
46.02796206,43.94011949,1801.592941,0.483926276,MODERATE
46.20455015,97.27832445,2187.438909,1.13013056,MODERATE
46.25092335,65.00259929,1742.877639,3.164231478,MODERATE
46.53158249,49.67258193,342.9716986,8.164727254,MODERATE
46.57618807,54.17873725,1036.364012,3.521772516,MODERATE
46.97292814,48.76969723,1570.039289,4.433909853,MODERATE
47.05984002,90.65182746,874.3253889,3.535311608,MODERATE
47.11915346,26.32881463,1135.3796,4.021283285,MODERATE
47.12923475,52.95171321,1345.316807,3.014853507,MODERATE
47.39345618,86.06428351,2301.406504,0.588608417,MODERATE
47.579888,31.81675647,2297.177546,1.598833018,MODERATE
47.61887109,65.17505358,1608.079181,3.908149448,MODERATE
47.75557608,52.21624409,1406.801997,4.582562901,MODERATE
48.13525491,90.07285623,1918.541314,0.24810506,MODERATE
48.17872062,23.43287389,105.2320123,6.690700741,MODERATE
48.20468853,39.89175327,1148.425362,4.101614646,MODERATE
48.33950825,18.58149902,459.7915552,8.152306604,MODERATE
48.34301616,85.16006502,1752.925201,0.31283172,MODERATE
48.5749966,98.58675484,542.4792867,4.371247083,MODERATE
48.77298218,19.75971829,505.2422434,3.81915747,MODERATE
49.06766481,88.42850792,2422.450277,3.469689959,MODERATE
49.39791383,70.84368089,1539.325825,3.125326297,MODERATE
49.40952072,90.06647387,2329.161633,0.822394615,MODERATE
49.77929345,55.3158188,1500.418374,4.194311161,MODERATE
10.03452386,80.00830857,2303.392253,14.82478586,VERY HIGH
10.25970729,23.40628739,2141.125537,2.54387385,VERY HIGH
10.70301795,13.63684389,2468.06911,13.96814093,VERY HIGH
10.74352479,90.70548801,1963.491733,10.85724434,VERY HIGH
11.36348305,70.94561196,2064.137044,2.11122634,VERY HIGH
11.3746497,91.41501072,2604.519405,2.628315927,VERY HIGH
11.58752703,63.26608925,2181.936217,11.84285258,VERY HIGH
11.68055556,67.12514904,2541.505423,13.2398845,VERY HIGH
11.80736287,59.74097918,2551.028563,13.09683045,VERY HIGH
11.91694806,11.87534315,1616.096408,12.85785788,VERY HIGH
12.02517393,73.07647845,2369.752494,2.134752412,VERY HIGH
12.64822647,83.65703725,2090.873309,14.97136838,VERY HIGH
12.7474402,17.91280063,1991.184438,5.621011814,VERY HIGH
12.95189914,68.98904045,1719.783825,2.156406543,VERY HIGH
12.97229038,67.81062044,2537.971145,5.3693838,VERY HIGH
13.08763944,46.47529702,1522.40195,14.31860525,VERY HIGH
13.2145799,31.08262685,1714.921072,5.704439324,VERY HIGH
13.81968903,63.8266428,2384.639584,11.87081568,VERY HIGH
14.21741861,52.10055212,1536.716912,7.447140188,VERY HIGH
14.4820273,21.77145184,2545.220452,7.836102446,VERY HIGH
14.64323282,20.03096715,1572.995793,5.961378542,VERY HIGH
14.74247089,61.01324191,1767.978961,2.098434406,VERY HIGH
14.79191252,63.59907337,1583.948988,12.87952882,VERY HIGH
14.80226566,12.03982231,2489.641384,12.44716601,VERY HIGH
14.81400007,57.02701267,1923.289508,14.3614537,VERY HIGH
14.8771445,38.47663348,2423.393943,2.670319631,VERY HIGH
15.17749116,41.6819446,1789.830169,11.6637665,VERY HIGH
15.30456693,82.86887872,1525.435674,12.80061851,VERY HIGH
15.46325244,33.70724782,2599.597299,13.14450199,VERY HIGH
15.80322551,55.26233925,2034.120191,13.53047726,VERY HIGH
16.09283864,85.89252268,1663.843505,7.094945101,VERY HIGH
16.15987942,89.28381174,1988.119516,13.38782563,VERY HIGH
16.26372452,29.41711186,2244.064003,10.01742221,VERY HIGH
16.50414455,74.96932058,2575.666109,5.962317882,VERY HIGH
16.56771725,27.03031464,1969.649605,7.234908491,VERY HIGH
16.64031151,32.0150356,1930.211843,13.96532241,VERY HIGH
17.09294367,36.42253853,2426.594254,7.648704828,VERY HIGH
17.11996615,86.24303582,2506.377017,10.88780116,VERY HIGH
17.28798031,53.22089653,1567.394641,2.75501184,VERY HIGH
17.60818023,82.83696883,1612.51533,5.187735793,VERY HIGH
17.67022997,56.18394157,1538.302505,5.38880997,VERY HIGH
17.88146406,80.93436225,2265.969067,2.921486633,VERY HIGH
18.08445268,19.2614406,1539.055852,7.715044154,VERY HIGH
18.31398442,61.21134041,1854.881991,2.67246717,VERY HIGH
18.39816594,74.41458973,2214.16026,12.86528181,VERY HIGH
18.6939646,58.06667182,2504.840143,11.31203722,VERY HIGH
19.30908605,28.82260409,1804.388887,12.35894821,VERY HIGH
19.94486905,26.60649584,2504.329095,13.92282917,VERY HIGH
20.26663027,30.43901084,2363.715423,14.51140877,VERY HIGH
20.30229676,87.92974177,2048.704012,10.59734011,VERY HIGH
20.39826281,15.92354615,2291.036133,10.88765567,VERY HIGH
20.54251378,36.28200779,1822.851015,10.44076747,VERY HIGH
20.79859755,13.11031756,2288.91604,2.641913129,VERY HIGH
21.18238531,74.62777519,2542.966188,12.07081003,VERY HIGH
21.3280842,85.2559277,2141.751459,5.172819623,VERY HIGH
21.3948941,70.50177604,2355.845306,7.992626168,VERY HIGH
21.44684643,37.44503693,2359.64746,11.24257136,VERY HIGH
21.50158855,70.38097341,1829.236,2.481115703,VERY HIGH
21.85157344,34.70408652,2484.338931,5.094423178,VERY HIGH
22.03323848,90.31192363,1543.182367,2.983433651,VERY HIGH
22.29643726,77.37067959,2170.393266,11.54043448,VERY HIGH
22.38621449,75.75509142,1771.529022,12.09859514,VERY HIGH
22.39064661,26.4398034,1915.460455,13.84121562,VERY HIGH
22.42182049,65.4130518,1952.724775,13.4481361,VERY HIGH
22.55405584,31.36385012,2038.028856,11.73500907,VERY HIGH
22.70622042,48.06088509,1564.289377,14.36310983,VERY HIGH
22.71390853,89.38723054,1895.746923,14.58431428,VERY HIGH
22.84462722,33.16073475,2343.337145,14.18458091,VERY HIGH
22.99695805,95.82116009,2335.464305,13.3157094,VERY HIGH
23.12184233,29.08602635,2505.168832,2.253331093,VERY HIGH
23.26755166,84.36992322,2253.949264,14.04585375,VERY HIGH
23.57210156,49.81725351,2253.954066,11.63583113,VERY HIGH
23.76011675,91.44214778,2306.858749,12.97036395,VERY HIGH
23.91812174,19.9341062,1796.887611,12.10304224,VERY HIGH
24.2497445,94.94971721,2638.262852,13.72484649,VERY HIGH
24.3216567,25.66562951,2100.395734,12.18629134,VERY HIGH
24.41801556,83.18651794,1528.433452,11.36149396,VERY HIGH
24.49153428,97.75005329,2089.805328,14.72297435,VERY HIGH
24.56624248,32.46334424,2077.137615,13.70483315,VERY HIGH
24.63515272,69.02287221,1760.113613,11.11513645,VERY HIGH
24.77975669,65.69112688,1582.542504,14.95294223,VERY HIGH
24.85281012,58.06069849,2271.537913,12.7008388,VERY HIGH
25.13431993,53.36896307,2288.93315,14.49789415,VERY HIGH
25.19298707,11.28219896,1646.717455,14.49589056,VERY HIGH
25.33601517,42.8995274,2522.690261,12.09576419,VERY HIGH
25.5349582,50.38105592,2350.762747,2.615193241,VERY HIGH
25.64340413,95.13219197,2569.520725,5.266252843,VERY HIGH
25.69312255,57.95002097,2252.185958,14.69555408,VERY HIGH
25.78543416,79.72511893,1784.956087,7.287370384,VERY HIGH
26.14683528,77.5451612,2364.648224,5.042670334,VERY HIGH
26.3723575,66.98324183,1602.543842,12.27679103,VERY HIGH
26.96444541,13.56357856,2243.043326,5.256028287,VERY HIGH
27.00285891,27.4348054,1619.658431,13.81052305,VERY HIGH
27.1114077,17.51068311,2591.779751,12.45107079,VERY HIGH
27.18674127,44.9981085,2222.411819,10.15439913,VERY HIGH
27.5790395,91.01874659,1702.443016,12.94232847,VERY HIGH
28.46123241,84.56591343,2206.956274,2.145277962,VERY HIGH
28.58799498,89.11037331,1739.822005,13.30511001,VERY HIGH
28.77660808,78.49758681,2427.339244,12.74193987,VERY HIGH
28.85288106,36.07013722,1904.2469,13.12097194,VERY HIGH
28.9713923,67.1860612,1894.770784,13.17332193,VERY HIGH
29.07877384,35.83483302,2234.297728,12.22079007,VERY HIGH
29.34385283,96.02911782,2633.151581,11.21006191,VERY HIGH
29.384576,33.6745851,1568.817656,7.136801086,VERY HIGH
29.42695185,50.14868935,2607.952034,13.65008721,VERY HIGH
29.4440334,35.6513655,2583.195352,13.34950681,VERY HIGH
29.55265912,93.53413099,1824.270143,10.42580479,VERY HIGH
29.77887263,63.90044503,2156.147098,12.26782566,VERY HIGH
29.87597719,68.8075796,1970.587564,2.398219856,VERY HIGH
30.0112968,80.63982459,2630.48108,7.279845522,VERY HIGH
30.14166968,61.40290391,1573.690239,13.2528398,VERY HIGH
30.56716748,31.01876071,2019.314023,11.55976446,VERY HIGH
30.62832262,92.42608558,1831.085665,13.9016856,VERY HIGH
30.72557382,80.93686392,2271.560129,5.773485,VERY HIGH
30.98618087,90.93518158,2499.671147,12.94490704,VERY HIGH
30.99614143,52.84835418,2310.611479,10.01081558,VERY HIGH
31.4069658,13.72103606,1817.62571,2.530100087,VERY HIGH
31.47610777,30.32463225,1654.174514,11.89694013,VERY HIGH
31.72004276,89.68809322,2394.29391,2.669892308,VERY HIGH
31.93898828,87.57906871,2130.880431,7.540343108,VERY HIGH
32.37356144,28.35474797,1687.419023,5.709478319,VERY HIGH
32.4960357,28.92258452,2403.497847,12.93249567,VERY HIGH
32.68383204,43.71268924,2294.741276,5.393744102,VERY HIGH
32.80964174,35.21927231,2186.421386,5.432438814,VERY HIGH
32.87152091,68.0425748,1637.314971,13.42207626,VERY HIGH
33.30623757,58.51864719,2618.732748,12.21965381,VERY HIGH
33.5696328,48.18571247,2513.139931,2.845969562,VERY HIGH
33.93945529,22.83941949,1541.5415,12.65951559,VERY HIGH
33.95953055,49.48418852,2482.428959,11.82586297,VERY HIGH
34.47408367,23.17966299,2199.110731,13.77239972,VERY HIGH
34.80363264,38.85381866,1970.980537,11.01713432,VERY HIGH
35.67777454,42.04332084,1517.677337,7.612470272,VERY HIGH
35.9144439,98.41988975,2462.924824,14.17911023,VERY HIGH
35.92300386,71.58216985,1778.688242,10.02761009,VERY HIGH
36.26589464,94.12531572,2515.208234,13.99569796,VERY HIGH
36.31554609,93.72061488,2098.766226,14.1782084,VERY HIGH
36.36166448,35.7293435,1993.792963,14.39253168,VERY HIGH
36.40105479,36.09131464,2188.375567,5.918827235,VERY HIGH
36.49662822,64.13102947,1849.207562,10.53514655,VERY HIGH
36.54342453,29.13086727,2640.953458,7.775774747,VERY HIGH
36.70080483,53.75347513,2517.680983,5.064345085,VERY HIGH
36.80145377,68.6799556,1841.520661,5.347400054,VERY HIGH
36.91492894,97.26852774,2589.252422,14.01287893,VERY HIGH
36.93117592,27.4999317,1748.632619,7.147230735,VERY HIGH
36.95108947,14.3063727,2391.272079,12.42740136,VERY HIGH
37.28079247,48.91731016,2340.881092,13.91213566,VERY HIGH
37.66582842,83.05913926,2246.239796,5.122283899,VERY HIGH
37.71565249,26.89602851,2134.415485,2.216705916,VERY HIGH
37.78724866,41.05058635,1896.911026,11.08147905,VERY HIGH
37.8680798,36.0752469,2126.895212,5.646480484,VERY HIGH
38.34281301,87.90565709,1529.219618,2.060075136,VERY HIGH
38.40784369,89.3275718,2476.201332,11.00033827,VERY HIGH
38.50711662,68.14467733,1934.749822,2.104035544,VERY HIGH
39.05250164,74.01054148,1926.805849,2.092105125,VERY HIGH
39.1190677,48.85166849,2518.150686,11.81847236,VERY HIGH
39.6727091,59.20794491,2470.561627,7.15714176,VERY HIGH
40.06599061,43.13787854,2169.842224,12.81436587,VERY HIGH
40.17489323,29.55027139,2133.006229,14.50487615,VERY HIGH
40.19902236,55.32353169,2120.49043,5.002826793,VERY HIGH
40.31563933,37.59980357,1808.65767,10.19831903,VERY HIGH
40.47669792,48.00147926,2343.379707,13.10158415,VERY HIGH
40.82137087,85.02322941,1884.722161,5.579983218,VERY HIGH
41.11700768,35.65095457,2142.06503,14.04468162,VERY HIGH
41.45641509,54.28460381,1996.817447,14.83573076,VERY HIGH
41.64233052,30.46039596,2449.104557,12.18386423,VERY HIGH
41.64986076,25.97815695,2254.325465,2.932000518,VERY HIGH
41.65637729,14.58813993,2443.971969,2.620197939,VERY HIGH
42.12383185,97.18174306,2596.578369,13.0879302,VERY HIGH
42.26386429,36.07819822,1984.578663,11.69335762,VERY HIGH
42.45318258,65.24697843,2371.166339,12.8313169,VERY HIGH
42.47694596,73.32632888,2367.067439,12.16642962,VERY HIGH
42.54874743,47.61895971,1752.800976,10.51604211,VERY HIGH
42.6289225,43.88028673,2194.496544,2.410614259,VERY HIGH
42.79388864,63.70625257,1768.98935,7.259240259,VERY HIGH
43.1929283,45.53653709,2519.298543,7.958163128,VERY HIGH
43.32515914,39.97625376,2013.00713,2.935853399,VERY HIGH
43.61102755,89.61011051,2561.608197,14.9969895,VERY HIGH
43.81268091,95.5821673,2029.440857,7.851169959,VERY HIGH
44.20291574,23.04694446,1546.079902,7.306423142,VERY HIGH
44.35823515,93.50676342,2096.934449,13.10838792,VERY HIGH
44.78795396,96.55510687,2333.197005,10.96558687,VERY HIGH
44.94062307,48.64875743,2581.310377,2.844167072,VERY HIGH
45.16424904,67.50332853,2333.384062,5.617349655,VERY HIGH
45.61942074,69.95022209,2142.827548,12.58585439,VERY HIGH
45.75058835,98.6993545,2013.368912,5.463072302,VERY HIGH
45.87297027,57.62957506,1712.659934,5.358924877,VERY HIGH
46.01429725,93.79299105,1536.392934,14.54545301,VERY HIGH
46.01449092,12.34041771,2071.244985,12.24303885,VERY HIGH
46.36671303,53.84466087,1731.91188,5.11310952,VERY HIGH
46.38500666,56.65436099,2492.618502,13.48740366,VERY HIGH
46.78241737,34.13271351,1987.522921,11.8702795,VERY HIGH
46.85107608,68.01528324,2499.515899,7.829193174,VERY HIGH
46.86796278,74.3649069,2252.506047,13.77041166,VERY HIGH
47.00617892,43.32326519,2149.512307,11.90733141,VERY HIGH
47.61896988,18.5075854,1546.90105,7.268067387,VERY HIGH
47.66983063,88.60885131,2081.333572,12.69810417,VERY HIGH
48.05332719,94.50009234,2058.052358,12.79345447,VERY HIGH
48.26875106,46.86867468,1606.06595,7.042790951,VERY HIGH
48.34566873,67.15298029,2001.8767,14.66368146,VERY HIGH
48.40178843,61.99427736,1709.776174,13.14408537,VERY HIGH
48.44774319,90.94997998,2274.657101,14.36832461,VERY HIGH
48.71740564,92.29600989,2398.215456,2.297919145,VERY HIGH
48.77341429,27.35668801,1990.846577,7.300423986,VERY HIGH
49.03732123,46.52892722,1933.750539,2.922157223,VERY HIGH
49.4631578,48.51897242,1603.234445,12.62780278,VERY HIGH
49.74172222,50.40883161,2533.373047,10.5816946,VERY HIGH
49.79588026,11.97673143,1717.908842,13.1531552,VERY HIGH
49.9059269,86.41425107,2392.561505,11.19235406,VERY HIGH
49.99921657,32.76337559,1740.239984,12.28289236,VERY HIGH
